Road,Agent,Avg Wait Time (s),Avg Queue Length,Throughput,Emergencies per Step
road1,fixed,0.011666666666666667,0.8583333333333333,2072,0.0
road1,ql,12.23,4.26,1778,0.0
road1,ppo,7.4366666666666665,2.7616666666666667,2006,0.0
road2,fixed,164199.39,165.35166666666666,164,0.0
road2,ql,123061.77666666667,124.105,246,0.0
road2,ppo,79.21,3.1133333333333333,492,0.0
road3,fixed,170568.165,116.475,110,0.995
road3,ql,4.076666666666667,1.1633333333333333,164,0.04666666666666667
road3,ppo,6.38,1.3316666666666668,164,0.04666666666666667
