Road,Agent,Avg Wait Time (s),Wait Time Std,Avg Queue Length,Queue Length Std,Throughput,Throughput Std,Emergencies per Step,Emergencies Std
road1,fixed,0.014499999999999999,0.0037305048809332317,0.8326666666666667,0.020002777584903337,2054.5,17.49428478103635,0.0,0.0
road1,ql,12.3675,0.21967811047581004,4.249833333333334,0.06273157099897933,1762.7,10.92748827498799,0.0,0.0
road1,ppo,7.216166666666666,0.8552939877934111,2.6979999999999995,0.20685045591226314,1990.5,19.96121238802894,0.0,0.0
road2,fixed,164105.18116666668,58.054313008739456,165.2866666666667,0.03453661503067887,164.0,0.0,0.0,0.0
road2,ql,123047.218,42.00746217968506,124.074,0.024085495866000662,246.0,0.0,0.0,0.0
road2,ppo,106.54066666666665,23.23536738107089,3.4263333333333335,0.32864097262649533,490.7,1.5524174696260025,0.0,0.0
road3,fixed,170586.10183333335,75.5411506084562,116.46466666666667,0.029737742572921493,110.0,0.0,0.9949999999999999,1.1102230246251565e-16
road3,ql,4.2781666666666665,0.1847708039707573,1.2126666666666668,0.044988887516808,164.0,0.0,0.044166666666666674,0.0030956959368344523
road3,ppo,8.285833333333333,1.5789471263401373,1.3923333333333334,0.10898827663764783,164.0,0.0,0.048666666666666664,0.004702245326555295
