Road,Agent,Avg Wait Time (s),Avg Queue Length,Throughput,Emergencies per Step
road1,fixed,0.016666666666666666,0.7466666666666667,2022,0.0
road1,ql,12.435,4.303333333333334,1767,0.0
road1,ppo,6.355,2.4716666666666667,2030,0.0
road2,fixed,164083.60166666665,165.27333333333334,164,0.0
road2,ql,123010.78333333334,124.06666666666666,246,0.0
road2,ppo,89.055,3.2666666666666666,492,0.0
road3,fixed,170708.41166666665,116.47666666666667,110,0.995
road3,ql,4.381666666666667,1.2483333333333333,164,0.043333333333333335
road3,ppo,8.535,1.5216666666666667,164,0.045
